{
  "vite.config.js": 1775978027.8637621,
  "eslint.config.js": 1775901984.6420352,
  "postcss.config.js": 1775902027.0279517,
  "src/main.jsx": 1775902049.7838442,
  "src/App.jsx": 1775902067.9762294,
  "src/utils/gpuDetect.js": 1775902314.1616848,
  "src/components/ExperienceSelector.jsx": 1775902055.2972004,
  "src/components/shared/ContactForm.jsx": 1775902381.7386642,
  "src/components/shared/SkillPill.jsx": 1775902370.1094527,
  "src/components/shared/GlassCard.jsx": 1775902366.752405,
  "src/experiences/space/SpaceExperience.jsx": 1775929514.6138656,
  "src/experiences/space/sections/HeroSection.jsx": 1775902605.063673,
  "src/experiences/space/sections/TestimonialsSection.jsx": 1775902634.5554633,
  "src/experiences/space/sections/ProjectsSection.jsx": 1776064967.6844435,
  "src/experiences/space/sections/ContactSection.jsx": 1775902656.2066295,
  "src/experiences/space/sections/SkillsSection.jsx": 1775902620.4878888,
  "src/experiences/space/sections/AboutSection.jsx": 1775902613.9243972,
  "src/experiences/space/canvas/constants.js": 1775902572.77075,
  "src/experiences/space/canvas/SpaceCanvas.jsx": 1775929498.0564315,
  "src/experiences/space/canvas/Starfield.jsx": 1775975887.5101857,
  "src/experiences/space/canvas/CameraRig.jsx": 1775975922.921703,
  "src/experiences/space/canvas/planets/Neptune.jsx": 1775928107.729488,
  "src/experiences/space/canvas/planets/BasePlanet.jsx": 1775928064.7975733,
  "src/experiences/space/canvas/planets/Saturn.jsx": 1775928102.0875468,
  "src/experiences/space/canvas/planets/Uranus.jsx": 1775928104.044382,
  "src/experiences/space/canvas/planets/Mars.jsx": 1775928077.3768008,
  "src/experiences/space/canvas/planets/Jupiter.jsx": 1775928085.8319738,
  "src/experiences/space/canvas/planets/Earth.jsx": 1775928073.1256344,
  "src/experiences/space/canvas/effects/SunGlow.jsx": 1775928668.1071665,
  "src/experiences/space/canvas/effects/BigBang.jsx": 1775902708.444017,
  "src/experiences/space/hooks/useOrbitControls.js": 1775902664.6279657,
  "src/experiences/space/hooks/useSectionProgress.js": 1775928961.5103495,
  "src/experiences/space/hooks/useScrollCamera.js": 1775902585.9032507,
  "src/experiences/space/hooks/useGpuTier.js": 1775902317.5382788,
  "src/experiences/space/data/about.js": 1775902361.0388825,
  "src/experiences/space/data/testimonials.js": 1775902357.964224,
  "src/experiences/space/data/skills.js": 1775902353.7100618,
  "src/experiences/space/data/projects.js": 1775902350.6339443,
  "src/hooks/useRoute.js": 1775902051.6615427,
  "docs/superpowers/plans/2026-04-11-space-portfolio-plan.md": 1775891222.0724785,
  "docs/superpowers/specs/2026-04-11-space-portfolio-design.md": 1775890530.9864469,
  "public/resume-placeholder.pdf": 1775902363.1975691
}